{
  "display": {
    "title": "UXArt",
    "description": "",
    "navmapThumbnail": "images/scene-thumbnail.png",
    "favicon": "favicon_asset"
  },
  "owner": "",
  "contact": {
    "name": "",
    "email": ""
  },
  "main": "bin/game.js",
  "tags": [],
  "scene": {
    "parcels": [
      "68,68","69,68","70,68",
      "68,69","69,69","70,69",
      "68,70","69,70","70,70"
    ],
    "base": "68,68"
  },
  "spawnPoints": [
    {
      "name": "spawn1",
      "default": true,
      "position": {
        "x": 0,
        "y": 0,
        "z": 0
      },
      "cameraTarget": {
        "x": 8,
        "y": 1,
        "z": 8
      }
    }
  ],
    "requiredPermissions": [
    "ALLOW_TO_TRIGGER_AVATAR_EMOTE","ALLOW_TO_MOVE_PLAYER_INSIDE_SCENE"
  ],
  "featureToggles": {}
}